{
  "metadata": {
    "version": 4.5,
    "type": "Material",
    "generator": "Material.toJSON"
  },
  "uuid": "2BA4E85B-FC2C-432F-87B3-7110D804458E",
  "type": "MeshStandardMaterial",
  "color": 4752804,
  "roughness": 0.43305144467935164,
  "metalness": 0,
  "emissive": 2236962,
  "map": "679940A2-6364-4343-960C-8ADA33DF8052",
  "lightMap": "679940A2-6364-4343-960C-8ADA33DF8052",
  "normalMap": "AF3EC784-94B7-4B6A-BA21-406468226F08",
  "normalMapType": 0,
  "normalScale": [1, 1],
  "envMap": "77B4B752-7938-4A31-B66D-470482830E08",
  "side": 2,
  "opacity": 0.974277660324172,
  "transparent": true,
  "depthFunc": 3,
  "depthTest": true,
  "depthWrite": true,
  "textures": [{
    "uuid": "679940A2-6364-4343-960C-8ADA33DF8052",
    "name": "",
    "mapping": 300,
    "repeat": [1, 1],
    "offset": [0, 0],
    "center": [0, 0],
    "rotation": 0,
    "wrap": [1001, 1001],
    "format": 1023,
    "minFilter": 1008,
    "magFilter": 1006,
    "anisotropy": 1,
    "flipY": true,
    "image": "./assets/materials/textures/ice.jpg"
  }, {
    "uuid": "AF3EC784-94B7-4B6A-BA21-406468226F08",
    "name": "",
    "mapping": 300,
    "repeat": [1, 1],
    "offset": [0, 0],
    "center": [0, 0],
    "rotation": 0,
    "wrap": [1001, 1001],
    "format": 1023,
    "minFilter": 1008,
    "magFilter": 1006,
    "anisotropy": 1,
    "flipY": true,
    "image": "./assets/materials/textures/ice-nm.png"
  }, {
    "uuid": "77B4B752-7938-4A31-B66D-470482830E08",
    "type": "cube",
    "name": "",
    "mapping": 301,
    "repeat": [1, 1],
    "offset": [0, 0],
    "center": [0, 0],
    "rotation": 0,
    "wrap": [1001, 1001],
    "format": 1022,
    "minFilter": 1008,
    "magFilter": 1006,
    "anisotropy": 1,
    "flipY": false,
    "image": "7859099D-0D57-4266-B0CE-2F349B009C5A"
  }
  ]
}
