{
  "metadata": {
    "version": 4.5,
    "type": "Material",
    "generator": "Material.toJSON"
  },
  "uuid": "2BA4E85B-FC2C-432F-87B3-7110D804458E",
  "type": "MeshStandardMaterial",
  "color": 8171210,
  "roughness": 0.3428470754052149,
  "metalness": 0.6360112755461592,
  "emissive": 1049637,
  "map": "86E309E8-42B2-4505-9232-4EF3E1394622",
  "lightMap": "86E309E8-42B2-4505-9232-4EF3E1394622",
  "normalMap": "67BEDE3A-EAAD-4FAD-A0C3-1EE2269320FF",
  "normalMapType": 0,
  "normalScale": [1, 1],
  "envMap": "77B4B752-7938-4A31-B66D-470482830E08",
  "side": 2,
  "opacity": 0.974277660324172,
  "depthFunc": 3,
  "depthTest": true,
  "depthWrite": true,
  "textures": [{
    "uuid": "86E309E8-42B2-4505-9232-4EF3E1394622",
    "name": "",
    "mapping": 300,
    "repeat": [1, 1],
    "offset": [0, 0],
    "center": [0, 0],
    "rotation": 0,
    "wrap": [1001, 1001],
    "format": 1022,
    "minFilter": 1008,
    "magFilter": 1006,
    "anisotropy": 1,
    "flipY": true,
    "image": "iron.jpg"
  }, {
    "uuid": "67BEDE3A-EAAD-4FAD-A0C3-1EE2269320FF",
    "name": "",
    "mapping": 300,
    "repeat": [1, 1],
    "offset": [0, 0],
    "center": [0, 0],
    "rotation": 0,
    "wrap": [1001, 1001],
    "format": 1023,
    "minFilter": 1008,
    "magFilter": 1006,
    "anisotropy": 1,
    "flipY": true,
    "image": "iron-nm.png"
  }, {
    "uuid": "77B4B752-7938-4A31-B66D-470482830E08",
    "type": "cube",
    "name": "",
    "mapping": 301,
    "repeat": [1, 1],
    "offset": [0, 0],
    "center": [0, 0],
    "rotation": 0,
    "wrap": [1001, 1001],
    "format": 1022,
    "minFilter": 1008,
    "magFilter": 1006,
    "anisotropy": 1,
    "flipY": false,
    "image": "7859099D-0D57-4266-B0CE-2F349B009C5A"
  }
  ]
}
