{
  "metadata": {
    "version": 4.5,
    "type": "Material",
    "generator": "Material.toJSON"
  },
  "uuid": "2BA4E85B-FC2C-432F-87B3-7110D804458E",
  "type": "MeshStandardMaterial",
  "color": 16777215,
  "roughness": 0.8051444679351656,
  "metalness": 0.45560253699788583,
  "emissive": 1579032,
  "map": "E6428308-2004-42BA-BB2B-BC4F4FA5090F",
  "lightMap": "E6428308-2004-42BA-BB2B-BC4F4FA5090F",
  "normalMap": "9FA1A00E-F2C6-407B-A38D-67D2002EEC56",
  "normalMapType": 0,
  "normalScale": [1, 1],
  "envMap": "77B4B752-7938-4A31-B66D-470482830E08",
  "side": 2,
  "opacity": 0.974277660324172,
  "depthFunc": 3,
  "depthTest": true,
  "depthWrite": true,
  "textures": [{
    "uuid": "E6428308-2004-42BA-BB2B-BC4F4FA5090F",
    "name": "",
    "mapping": 300,
    "repeat": [1, 1],
    "offset": [0, 0],
    "center": [0, 0],
    "rotation": 0,
    "wrap": [1001, 1001],
    "format": 1022,
    "minFilter": 1008,
    "magFilter": 1006,
    "anisotropy": 1,
    "flipY": true,
    "image": "./assets/materials/textures/silver.jpg"
  }, {
    "uuid": "9FA1A00E-F2C6-407B-A38D-67D2002EEC56",
    "name": "",
    "mapping": 300,
    "repeat": [1, 1],
    "offset": [0, 0],
    "center": [0, 0],
    "rotation": 0,
    "wrap": [1001, 1001],
    "format": 1023,
    "minFilter": 1008,
    "magFilter": 1006,
    "anisotropy": 1,
    "flipY": true,
    "image": "./assets/materials/textures/silver-nm.png"
  }, {
    "uuid": "77B4B752-7938-4A31-B66D-470482830E08",
    "type": "cube",
    "name": "",
    "mapping": 301,
    "repeat": [1, 1],
    "offset": [0, 0],
    "center": [0, 0],
    "rotation": 0,
    "wrap": [1001, 1001],
    "format": 1022,
    "minFilter": 1008,
    "magFilter": 1006,
    "anisotropy": 1,
    "flipY": false,
    "image": "7859099D-0D57-4266-B0CE-2F349B009C5A"
  }
  ]
}
